Test Condition,Predicted Lifetime (hours)
S1 - test_3,1401.3375957957835
S1 - test_7,1379.1037694573615
S1 - test_10,1379.1037694573615
S1 - test_12,1355.4542515460003
