Test Condition,Best Model,AD Statistic,Predicted Lifetime (hours)
S1 - test_3,Weibull,0.8107825131367061,1401.3375957957835
S1 - test_7,Weibull,0.7904504939372956,1379.1037694573615
S1 - test_10,Weibull,0.7904504939372956,1379.1037694573615
S1 - test_12,Weibull,0.7587885656025326,1355.4542515460003
